id;value;id2
"c(""103068_1.png"", ""103068_2.png"")";103068_1.png;103068
"c(""103068_1.png"", ""103068_2.png"")";103068_2.png;103068
"c(""103084_1.png"", ""103084_2.png"")";103084_1.png;103084
"c(""103084_1.png"", ""103084_2.png"")";103084_2.png;103084
"c(""103088_1.png"", ""103088_2.png"")";103088_1.png;103088
"c(""103088_1.png"", ""103088_2.png"")";103088_2.png;103088
"c(""103095_1.png"", ""103095_2.png"")";103095_1.png;103095
"c(""103095_1.png"", ""103095_2.png"")";103095_2.png;103095
"c(""103096_1.png"", ""103096_2.png"")";103096_1.png;103096
"c(""103096_1.png"", ""103096_2.png"")";103096_2.png;103096
"c(""103215_1.png"", ""103215_2.png"")";103215_1.png;103215
"c(""103215_1.png"", ""103215_2.png"")";103215_2.png;103215
"c(""103241_1.png"", ""103241_2.png"")";103241_1.png;103241
"c(""103241_1.png"", ""103241_2.png"")";103241_2.png;103241
"c(""103248_1.png"", ""103248_2.png"")";103248_1.png;103248
"c(""103248_1.png"", ""103248_2.png"")";103248_2.png;103248
"c(""103256_1.png"", ""103256_2.png"")";103256_1.png;103256
"c(""103256_1.png"", ""103256_2.png"")";103256_2.png;103256
"c(""103257_1.png"", ""103257_2.png"")";103257_1.png;103257
"c(""103257_1.png"", ""103257_2.png"")";103257_2.png;103257
"c(""103261_1.png"", ""103261_2.png"")";103261_1.png;103261
"c(""103261_1.png"", ""103261_2.png"")";103261_2.png;103261
"c(""103272_1.png"", ""103272_2.png"")";103272_1.png;103272
"c(""103272_1.png"", ""103272_2.png"")";103272_2.png;103272
"c(""103303_1.png"", ""103303_2.png"")";103303_1.png;103303
"c(""103303_1.png"", ""103303_2.png"")";103303_2.png;103303
"c(""103307_1.png"", ""103307_2.png"")";103307_1.png;103307
"c(""103307_1.png"", ""103307_2.png"")";103307_2.png;103307
103320_1.png;103320_1.png;103320
"c(""103330_1.png"", ""103330_2.png"")";103330_1.png;103330
"c(""103330_1.png"", ""103330_2.png"")";103330_2.png;103330
"c(""103334_1.png"", ""103334_2.png"")";103334_1.png;103334
"c(""103334_1.png"", ""103334_2.png"")";103334_2.png;103334
103346_1.png;103346_1.png;103346
103373_1.png;103373_1.png;103373
"c(""103407_1.png"", ""103407_2.png"")";103407_1.png;103407
"c(""103407_1.png"", ""103407_2.png"")";103407_2.png;103407
"c(""103408_1.png"", ""103408_2.png"")";103408_1.png;103408
"c(""103408_1.png"", ""103408_2.png"")";103408_2.png;103408
"c(""103409_1.png"", ""103409_2.png"")";103409_1.png;103409
"c(""103409_1.png"", ""103409_2.png"")";103409_2.png;103409
"c(""103410_1.png"", ""103410_2.png"")";103410_1.png;103410
"c(""103410_1.png"", ""103410_2.png"")";103410_2.png;103410
103417_1.png;103417_1.png;103417
103435_1.png;103435_1.png;103435
103481_1.png;103481_1.png;103481
"c(""103482_1.png"", ""103482_2.png"")";103482_1.png;103482
"c(""103482_1.png"", ""103482_2.png"")";103482_2.png;103482
103579_1.png;103579_1.png;103579
"c(""103587_1.png"", ""103587_2.png"")";103587_1.png;103587
"c(""103587_1.png"", ""103587_2.png"")";103587_2.png;103587
"c(""103608_1.png"", ""103608_2.png"")";103608_1.png;103608
"c(""103608_1.png"", ""103608_2.png"")";103608_2.png;103608
"c(""103614_1.png"", ""103614_2.png"")";103614_1.png;103614
"c(""103614_1.png"", ""103614_2.png"")";103614_2.png;103614
"c(""103628_1.png"", ""103628_2.png"")";103628_1.png;103628
"c(""103628_1.png"", ""103628_2.png"")";103628_2.png;103628
"c(""103635_1.png"", ""103635_2.png"")";103635_1.png;103635
"c(""103635_1.png"", ""103635_2.png"")";103635_2.png;103635
"c(""103733_1.png"", ""103733_2.png"")";103733_1.png;103733
"c(""103733_1.png"", ""103733_2.png"")";103733_2.png;103733
"c(""103734_1.png"", ""103734_2.png"")";103734_1.png;103734
"c(""103734_1.png"", ""103734_2.png"")";103734_2.png;103734
"c(""106176_1.png"", ""106176_2.png"")";106176_1.png;106176
"c(""106176_1.png"", ""106176_2.png"")";106176_2.png;106176
"c(""106181_1.png"", ""106181_2.png"")";106181_1.png;106181
"c(""106181_1.png"", ""106181_2.png"")";106181_2.png;106181
"c(""106182_1.png"", ""106182_2.png"")";106182_1.png;106182
"c(""106182_1.png"", ""106182_2.png"")";106182_2.png;106182
106340_1.png;106340_1.png;106340
106341_1.png;106341_1.png;106341
106347_1.png;106347_1.png;106347
"c(""106403_1.png"", ""106403_2.png"")";106403_1.png;106403
"c(""106403_1.png"", ""106403_2.png"")";106403_2.png;106403
"c(""106404_1.png"", ""106404_2.png"")";106404_1.png;106404
"c(""106404_1.png"", ""106404_2.png"")";106404_2.png;106404
"c(""106405_1.png"", ""106405_2.png"")";106405_1.png;106405
"c(""106405_1.png"", ""106405_2.png"")";106405_2.png;106405
"c(""107057_1.png"", ""107057_2.png"")";107057_1.png;107057
"c(""107057_1.png"", ""107057_2.png"")";107057_2.png;107057
"c(""107058_1.png"", ""107058_2.png"")";107058_1.png;107058
"c(""107058_1.png"", ""107058_2.png"")";107058_2.png;107058
"c(""107060_1.png"", ""107060_2.png"")";107060_1.png;107060
"c(""107060_1.png"", ""107060_2.png"")";107060_2.png;107060
"c(""107061_1.png"", ""107061_2.png"")";107061_1.png;107061
"c(""107061_1.png"", ""107061_2.png"")";107061_2.png;107061
"c(""107062_1.png"", ""107062_2.png"")";107062_1.png;107062
"c(""107062_1.png"", ""107062_2.png"")";107062_2.png;107062
"c(""107063_1.png"", ""107063_2.png"")";107063_1.png;107063
"c(""107063_1.png"", ""107063_2.png"")";107063_2.png;107063
108246_1.png;108246_1.png;108246
108247_1.png;108247_1.png;108247
108249_1.png;108249_1.png;108249
108250_1.png;108250_1.png;108250
108251_1.png;108251_1.png;108251
108252_1.png;108252_1.png;108252
"c(""108778_1.png"", ""108778_2.png"")";108778_1.png;108778
"c(""108778_1.png"", ""108778_2.png"")";108778_2.png;108778
"c(""108779_1.png"", ""108779_2.png"")";108779_1.png;108779
"c(""108779_1.png"", ""108779_2.png"")";108779_2.png;108779
"c(""109485_1.png"", ""109485_2.png"")";109485_1.png;109485
"c(""109485_1.png"", ""109485_2.png"")";109485_2.png;109485
109572_1.png;109572_1.png;109572
109573_1.png;109573_1.png;109573
"c(""110725_1.png"", ""110725_2.png"")";110725_1.png;110725
"c(""110725_1.png"", ""110725_2.png"")";110725_2.png;110725
"c(""110726_1.png"", ""110726_2.png"")";110726_1.png;110726
"c(""110726_1.png"", ""110726_2.png"")";110726_2.png;110726
"c(""112060_1.png"", ""112060_2.png"")";112060_1.png;112060
"c(""112060_1.png"", ""112060_2.png"")";112060_2.png;112060
"c(""112061_1.png"", ""112061_2.png"")";112061_1.png;112061
"c(""112061_1.png"", ""112061_2.png"")";112061_2.png;112061
"c(""112062_1.png"", ""112062_2.png"")";112062_1.png;112062
"c(""112062_1.png"", ""112062_2.png"")";112062_2.png;112062
"c(""112063_1.png"", ""112063_2.png"")";112063_1.png;112063
"c(""112063_1.png"", ""112063_2.png"")";112063_2.png;112063
"c(""112064_1.png"", ""112064_2.png"")";112064_1.png;112064
"c(""112064_1.png"", ""112064_2.png"")";112064_2.png;112064
"c(""112065_1.png"", ""112065_2.png"")";112065_1.png;112065
"c(""112065_1.png"", ""112065_2.png"")";112065_2.png;112065
"c(""112066_1.png"", ""112066_2.png"")";112066_1.png;112066
"c(""112066_1.png"", ""112066_2.png"")";112066_2.png;112066
"c(""112067_1.png"", ""112067_2.png"")";112067_1.png;112067
"c(""112067_1.png"", ""112067_2.png"")";112067_2.png;112067
"c(""112077_1.png"", ""112077_2.png"")";112077_1.png;112077
"c(""112077_1.png"", ""112077_2.png"")";112077_2.png;112077
"c(""112078_1.png"", ""112078_2.png"")";112078_1.png;112078
"c(""112078_1.png"", ""112078_2.png"")";112078_2.png;112078
112392_1.png;112392_1.png;112392
112393_1.png;112393_1.png;112393
112394_1.png;112394_1.png;112394
112395_1.png;112395_1.png;112395
112396_1.png;112396_1.png;112396
112397_1.png;112397_1.png;112397
112398_1.png;112398_1.png;112398
112399_1.png;112399_1.png;112399
112400_1.png;112400_1.png;112400
112401_1.png;112401_1.png;112401
113219_1.png;113219_1.png;113219
"c(""113224_1.png"", ""113224_2.png"")";113224_1.png;113224
"c(""113224_1.png"", ""113224_2.png"")";113224_2.png;113224
"c(""113227_1.png"", ""113227_2.png"")";113227_1.png;113227
"c(""113227_1.png"", ""113227_2.png"")";113227_2.png;113227
"c(""113228_1.png"", ""113228_2.png"")";113228_1.png;113228
"c(""113228_1.png"", ""113228_2.png"")";113228_2.png;113228
"c(""114182_1.png"", ""114182_2.png"")";114182_1.png;114182
"c(""114182_1.png"", ""114182_2.png"")";114182_2.png;114182
"c(""114183_1.png"", ""114183_2.png"")";114183_1.png;114183
"c(""114183_1.png"", ""114183_2.png"")";114183_2.png;114183
"c(""114184_1.png"", ""114184_2.png"")";114184_1.png;114184
"c(""114184_1.png"", ""114184_2.png"")";114184_2.png;114184
"c(""114185_1.png"", ""114185_2.png"")";114185_1.png;114185
"c(""114185_1.png"", ""114185_2.png"")";114185_2.png;114185
115051_1.png;115051_1.png;115051
115052_1.png;115052_1.png;115052
115056_1.png;115056_1.png;115056
"c(""115116_1.png"", ""115116_2.png"")";115116_1.png;115116
"c(""115116_1.png"", ""115116_2.png"")";115116_2.png;115116
"c(""115132_1.png"", ""115132_2.png"")";115132_1.png;115132
"c(""115132_1.png"", ""115132_2.png"")";115132_2.png;115132
115997_1.png;115997_1.png;115997
116001_1.png;116001_1.png;116001
116002_1.png;116002_1.png;116002
"c(""116636_1.png"", ""116636_2.png"")";116636_1.png;116636
"c(""116636_1.png"", ""116636_2.png"")";116636_2.png;116636
"c(""116637_1.png"", ""116637_2.png"")";116637_1.png;116637
"c(""116637_1.png"", ""116637_2.png"")";116637_2.png;116637
117857_1.png;117857_1.png;117857
117975_1.png;117975_1.png;117975
117976_1.png;117976_1.png;117976
"c(""118641_1.png"", ""118641_2.png"")";118641_1.png;118641
"c(""118641_1.png"", ""118641_2.png"")";118641_2.png;118641
"c(""120195_1.png"", ""120195_2.png"")";120195_1.png;120195
"c(""120195_1.png"", ""120195_2.png"")";120195_2.png;120195
"c(""120196_1.png"", ""120196_2.png"")";120196_1.png;120196
"c(""120196_1.png"", ""120196_2.png"")";120196_2.png;120196
"c(""120201_1.png"", ""120201_2.png"")";120201_1.png;120201
"c(""120201_1.png"", ""120201_2.png"")";120201_2.png;120201
"c(""120204_1.png"", ""120204_2.png"")";120204_1.png;120204
"c(""120204_1.png"", ""120204_2.png"")";120204_2.png;120204
"c(""120205_1.png"", ""120205_2.png"")";120205_1.png;120205
"c(""120205_1.png"", ""120205_2.png"")";120205_2.png;120205
"c(""120206_1.png"", ""120206_2.png"")";120206_1.png;120206
"c(""120206_1.png"", ""120206_2.png"")";120206_2.png;120206
"c(""120207_1.png"", ""120207_2.png"")";120207_1.png;120207
"c(""120207_1.png"", ""120207_2.png"")";120207_2.png;120207
"c(""120208_1.png"", ""120208_2.png"")";120208_1.png;120208
"c(""120208_1.png"", ""120208_2.png"")";120208_2.png;120208
"c(""120209_1.png"", ""120209_2.png"")";120209_1.png;120209
"c(""120209_1.png"", ""120209_2.png"")";120209_2.png;120209
120217_1.png;120217_1.png;120217
"c(""121403_1.png"", ""121403_2.png"")";121403_1.png;121403
"c(""121403_1.png"", ""121403_2.png"")";121403_2.png;121403
"c(""121404_1.png"", ""121404_2.png"")";121404_1.png;121404
"c(""121404_1.png"", ""121404_2.png"")";121404_2.png;121404
"c(""121405_1.png"", ""121405_2.png"")";121405_1.png;121405
"c(""121405_1.png"", ""121405_2.png"")";121405_2.png;121405
"c(""121406_1.png"", ""121406_2.png"")";121406_1.png;121406
"c(""121406_1.png"", ""121406_2.png"")";121406_2.png;121406
"c(""121876_1.png"", ""121876_2.png"")";121876_1.png;121876
"c(""121876_1.png"", ""121876_2.png"")";121876_2.png;121876
"c(""121880_1.png"", ""121880_2.png"")";121880_1.png;121880
"c(""121880_1.png"", ""121880_2.png"")";121880_2.png;121880
121881_1.png;121881_1.png;121881
121883_1.png;121883_1.png;121883
"c(""121886_1.png"", ""121886_2.png"")";121886_1.png;121886
"c(""121886_1.png"", ""121886_2.png"")";121886_2.png;121886
"c(""121890_1.png"", ""121890_2.png"")";121890_1.png;121890
"c(""121890_1.png"", ""121890_2.png"")";121890_2.png;121890
"c(""121891_1.png"", ""121891_2.png"")";121891_1.png;121891
"c(""121891_1.png"", ""121891_2.png"")";121891_2.png;121891
"c(""123161_1.png"", ""123161_2.png"")";123161_1.png;123161
"c(""123161_1.png"", ""123161_2.png"")";123161_2.png;123161
"c(""123162_1.png"", ""123162_2.png"")";123162_1.png;123162
"c(""123162_1.png"", ""123162_2.png"")";123162_2.png;123162
"c(""123166_1.png"", ""123166_2.png"")";123166_1.png;123166
"c(""123166_1.png"", ""123166_2.png"")";123166_2.png;123166
"c(""123176_1.png"", ""123176_2.png"")";123176_1.png;123176
"c(""123176_1.png"", ""123176_2.png"")";123176_2.png;123176
"c(""123585_1.png"", ""123585_2.png"")";123585_1.png;123585
"c(""123585_1.png"", ""123585_2.png"")";123585_2.png;123585
"c(""124035_1.png"", ""124035_2.png"")";124035_1.png;124035
"c(""124035_1.png"", ""124035_2.png"")";124035_2.png;124035
"c(""124036_1.png"", ""124036_2.png"")";124036_1.png;124036
"c(""124036_1.png"", ""124036_2.png"")";124036_2.png;124036
"c(""124037_1.png"", ""124037_2.png"")";124037_1.png;124037
"c(""124037_1.png"", ""124037_2.png"")";124037_2.png;124037
"c(""124062_1.png"", ""124062_2.png"")";124062_1.png;124062
"c(""124062_1.png"", ""124062_2.png"")";124062_2.png;124062
"c(""124699_1.png"", ""124699_2.png"")";124699_1.png;124699
"c(""124699_1.png"", ""124699_2.png"")";124699_2.png;124699
"c(""124701_1.png"", ""124701_2.png"")";124701_1.png;124701
"c(""124701_1.png"", ""124701_2.png"")";124701_2.png;124701
"c(""124702_1.png"", ""124702_2.png"")";124702_1.png;124702
"c(""124702_1.png"", ""124702_2.png"")";124702_2.png;124702
"c(""124703_1.png"", ""124703_2.png"")";124703_1.png;124703
"c(""124703_1.png"", ""124703_2.png"")";124703_2.png;124703
"c(""124709_1.png"", ""124709_2.png"")";124709_1.png;124709
"c(""124709_1.png"", ""124709_2.png"")";124709_2.png;124709
"c(""124710_1.png"", ""124710_2.png"")";124710_1.png;124710
"c(""124710_1.png"", ""124710_2.png"")";124710_2.png;124710
"c(""124711_1.png"", ""124711_2.png"")";124711_1.png;124711
"c(""124711_1.png"", ""124711_2.png"")";124711_2.png;124711
"c(""125266_1.png"", ""125266_2.png"")";125266_1.png;125266
"c(""125266_1.png"", ""125266_2.png"")";125266_2.png;125266
126610_1.png;126610_1.png;126610
"c(""126665_1.png"", ""126665_2.png"")";126665_1.png;126665
"c(""126665_1.png"", ""126665_2.png"")";126665_2.png;126665
"c(""126668_1.png"", ""126668_2.png"", ""126668_3.png"")";126668_1.png;126668
"c(""126668_1.png"", ""126668_2.png"", ""126668_3.png"")";126668_2.png;126668
"c(""126668_1.png"", ""126668_2.png"", ""126668_3.png"")";126668_3.png;126668
"c(""126669_1.png"", ""126669_2.png"")";126669_1.png;126669
"c(""126669_1.png"", ""126669_2.png"")";126669_2.png;126669
127683_1.png;127683_1.png;127683
128393_1.png;128393_1.png;128393
128394_1.png;128394_1.png;128394
128395_1.png;128395_1.png;128395
"c(""128400_1.png"", ""128400_2.png"")";128400_1.png;128400
"c(""128400_1.png"", ""128400_2.png"")";128400_2.png;128400
"c(""128401_1.png"", ""128401_2.png"")";128401_1.png;128401
"c(""128401_1.png"", ""128401_2.png"")";128401_2.png;128401
"c(""128402_1.png"", ""128402_2.png"", ""128402_3.png"")";128402_1.png;128402
"c(""128402_1.png"", ""128402_2.png"", ""128402_3.png"")";128402_2.png;128402
"c(""128402_1.png"", ""128402_2.png"", ""128402_3.png"")";128402_3.png;128402
"c(""128403_1.png"", ""128403_2.png"")";128403_1.png;128403
"c(""128403_1.png"", ""128403_2.png"")";128403_2.png;128403
"c(""128404_1.png"", ""128404_2.png"")";128404_1.png;128404
"c(""128404_1.png"", ""128404_2.png"")";128404_2.png;128404
"c(""128405_1.png"", ""128405_2.png"")";128405_1.png;128405
"c(""128405_1.png"", ""128405_2.png"")";128405_2.png;128405
128416_1.png;128416_1.png;128416
128417_1.png;128417_1.png;128417
"c(""129320_1.png"", ""129320_2.png"")";129320_1.png;129320
"c(""129320_1.png"", ""129320_2.png"")";129320_2.png;129320
"c(""129321_1.png"", ""129321_2.png"")";129321_1.png;129321
"c(""129321_1.png"", ""129321_2.png"")";129321_2.png;129321
"c(""129322_1.png"", ""129322_2.png"")";129322_1.png;129322
"c(""129322_1.png"", ""129322_2.png"")";129322_2.png;129322
"c(""129323_1.png"", ""129323_2.png"")";129323_1.png;129323
"c(""129323_1.png"", ""129323_2.png"")";129323_2.png;129323
"c(""129324_1.png"", ""129324_2.png"")";129324_1.png;129324
"c(""129324_1.png"", ""129324_2.png"")";129324_2.png;129324
"c(""129325_1.png"", ""129325_2.png"")";129325_1.png;129325
"c(""129325_1.png"", ""129325_2.png"")";129325_2.png;129325
"c(""131065_1.png"", ""131065_2.png"")";131065_1.png;131065
"c(""131065_1.png"", ""131065_2.png"")";131065_2.png;131065
"c(""131066_1.png"", ""131066_2.png"")";131066_1.png;131066
"c(""131066_1.png"", ""131066_2.png"")";131066_2.png;131066
"c(""131067_1.png"", ""131067_2.png"")";131067_1.png;131067
"c(""131067_1.png"", ""131067_2.png"")";131067_2.png;131067
"c(""131068_1.png"", ""131068_2.png"")";131068_1.png;131068
"c(""131068_1.png"", ""131068_2.png"")";131068_2.png;131068
"c(""131069_1.png"", ""131069_2.png"")";131069_1.png;131069
"c(""131069_1.png"", ""131069_2.png"")";131069_2.png;131069
"c(""131070_1.png"", ""131070_2.png"")";131070_1.png;131070
"c(""131070_1.png"", ""131070_2.png"")";131070_2.png;131070
"c(""131071_1.png"", ""131071_2.png"")";131071_1.png;131071
"c(""131071_1.png"", ""131071_2.png"")";131071_2.png;131071
"c(""131072_1.png"", ""131072_2.png"")";131072_1.png;131072
"c(""131072_1.png"", ""131072_2.png"")";131072_2.png;131072
"c(""131073_1.png"", ""131073_2.png"")";131073_1.png;131073
"c(""131073_1.png"", ""131073_2.png"")";131073_2.png;131073
"c(""131074_1.png"", ""131074_2.png"")";131074_1.png;131074
"c(""131074_1.png"", ""131074_2.png"")";131074_2.png;131074
"c(""131075_1.png"", ""131075_2.png"")";131075_1.png;131075
"c(""131075_1.png"", ""131075_2.png"")";131075_2.png;131075
"c(""131076_1.png"", ""131076_2.png"")";131076_1.png;131076
"c(""131076_1.png"", ""131076_2.png"")";131076_2.png;131076
"c(""131077_1.png"", ""131077_2.png"")";131077_1.png;131077
"c(""131077_1.png"", ""131077_2.png"")";131077_2.png;131077
"c(""131080_1.png"", ""131080_2.png"")";131080_1.png;131080
"c(""131080_1.png"", ""131080_2.png"")";131080_2.png;131080
"c(""131081_1.png"", ""131081_2.png"")";131081_1.png;131081
"c(""131081_1.png"", ""131081_2.png"")";131081_2.png;131081
131601_1.png;131601_1.png;131601
131603_1.png;131603_1.png;131603
131616_1.png;131616_1.png;131616
131624_1.png;131624_1.png;131624
131629_1.png;131629_1.png;131629
131630_1.png;131630_1.png;131630
131631_1.png;131631_1.png;131631
"c(""132320_1.png"", ""132320_2.png"")";132320_1.png;132320
"c(""132320_1.png"", ""132320_2.png"")";132320_2.png;132320
"c(""132323_1.png"", ""132323_2.png"")";132323_1.png;132323
"c(""132323_1.png"", ""132323_2.png"")";132323_2.png;132323
"c(""132385_1.png"", ""132385_2.png"")";132385_1.png;132385
"c(""132385_1.png"", ""132385_2.png"")";132385_2.png;132385
133523_1.png;133523_1.png;133523
133525_1.png;133525_1.png;133525
133526_1.png;133526_1.png;133526
133527_1.png;133527_1.png;133527
133528_1.png;133528_1.png;133528
133529_1.png;133529_1.png;133529
133530_1.png;133530_1.png;133530
133531_1.png;133531_1.png;133531
133532_1.png;133532_1.png;133532
133533_1.png;133533_1.png;133533
133534_1.png;133534_1.png;133534
133538_1.png;133538_1.png;133538
"c(""134867_1.png"", ""134867_2.png"")";134867_1.png;134867
"c(""134867_1.png"", ""134867_2.png"")";134867_2.png;134867
"c(""134877_1.png"", ""134877_2.png"")";134877_1.png;134877
"c(""134877_1.png"", ""134877_2.png"")";134877_2.png;134877
"c(""134895_1.png"", ""134895_2.png"")";134895_1.png;134895
"c(""134895_1.png"", ""134895_2.png"")";134895_2.png;134895
"c(""134899_1.png"", ""134899_2.png"")";134899_1.png;134899
"c(""134899_1.png"", ""134899_2.png"")";134899_2.png;134899
"c(""134904_1.png"", ""134904_2.png"")";134904_1.png;134904
"c(""134904_1.png"", ""134904_2.png"")";134904_2.png;134904
"c(""134905_1.png"", ""134905_2.png"")";134905_1.png;134905
"c(""134905_1.png"", ""134905_2.png"")";134905_2.png;134905
"c(""134906_1.png"", ""134906_2.png"")";134906_1.png;134906
"c(""134906_1.png"", ""134906_2.png"")";134906_2.png;134906
135175_1.png;135175_1.png;135175
135180_1.png;135180_1.png;135180
135185_1.png;135185_1.png;135185
135186_1.png;135186_1.png;135186
135189_1.png;135189_1.png;135189
135190_1.png;135190_1.png;135190
135775_1.png;135775_1.png;135775
136418_1.png;136418_1.png;136418
136421_1.png;136421_1.png;136421
136422_1.png;136422_1.png;136422
136423_1.png;136423_1.png;136423
136424_1.png;136424_1.png;136424
"c(""136620_1.png"", ""136620_2.png"")";136620_1.png;136620
"c(""136620_1.png"", ""136620_2.png"")";136620_2.png;136620
"c(""136622_1.png"", ""136622_2.png"")";136622_1.png;136622
"c(""136622_1.png"", ""136622_2.png"")";136622_2.png;136622
"c(""136623_1.png"", ""136623_2.png"")";136623_1.png;136623
"c(""136623_1.png"", ""136623_2.png"")";136623_2.png;136623
"c(""136636_1.png"", ""136636_2.png"")";136636_1.png;136636
"c(""136636_1.png"", ""136636_2.png"")";136636_2.png;136636
"c(""136637_1.png"", ""136637_2.png"")";136637_1.png;136637
"c(""136637_1.png"", ""136637_2.png"")";136637_2.png;136637
"c(""136638_1.png"", ""136638_2.png"")";136638_1.png;136638
"c(""136638_1.png"", ""136638_2.png"")";136638_2.png;136638
"c(""136639_1.png"", ""136639_2.png"")";136639_1.png;136639
"c(""136639_1.png"", ""136639_2.png"")";136639_2.png;136639
"c(""136640_1.png"", ""136640_2.png"")";136640_1.png;136640
"c(""136640_1.png"", ""136640_2.png"")";136640_2.png;136640
"c(""136641_1.png"", ""136641_2.png"")";136641_1.png;136641
"c(""136641_1.png"", ""136641_2.png"")";136641_2.png;136641
"c(""136643_1.png"", ""136643_2.png"")";136643_1.png;136643
"c(""136643_1.png"", ""136643_2.png"")";136643_2.png;136643
"c(""136646_1.png"", ""136646_2.png"")";136646_1.png;136646
"c(""136646_1.png"", ""136646_2.png"")";136646_2.png;136646
138689_1.png;138689_1.png;138689
138690_1.png;138690_1.png;138690
138691_1.png;138691_1.png;138691
138692_1.png;138692_1.png;138692
138694_1.png;138694_1.png;138694
138695_1.png;138695_1.png;138695
138697_1.png;138697_1.png;138697
138712_1.png;138712_1.png;138712
"c(""138750_1.png"", ""138750_2.png"")";138750_1.png;138750
"c(""138750_1.png"", ""138750_2.png"")";138750_2.png;138750
"c(""138751_1.png"", ""138751_2.png"")";138751_1.png;138751
"c(""138751_1.png"", ""138751_2.png"")";138751_2.png;138751
"c(""138756_1.png"", ""138756_2.png"")";138756_1.png;138756
"c(""138756_1.png"", ""138756_2.png"")";138756_2.png;138756
"c(""138760_1.png"", ""138760_2.png"")";138760_1.png;138760
"c(""138760_1.png"", ""138760_2.png"")";138760_2.png;138760
"c(""138761_1.png"", ""138761_2.png"")";138761_1.png;138761
"c(""138761_1.png"", ""138761_2.png"")";138761_2.png;138761
"c(""138765_1.png"", ""138765_2.png"")";138765_1.png;138765
"c(""138765_1.png"", ""138765_2.png"")";138765_2.png;138765
"c(""138766_1.png"", ""138766_2.png"")";138766_1.png;138766
"c(""138766_1.png"", ""138766_2.png"")";138766_2.png;138766
"c(""138767_1.png"", ""138767_2.png"")";138767_1.png;138767
"c(""138767_1.png"", ""138767_2.png"")";138767_2.png;138767
"c(""138768_1.png"", ""138768_2.png"")";138768_1.png;138768
"c(""138768_1.png"", ""138768_2.png"")";138768_2.png;138768
"c(""138772_1.png"", ""138772_2.png"")";138772_1.png;138772
"c(""138772_1.png"", ""138772_2.png"")";138772_2.png;138772
"c(""138774_1.png"", ""138774_2.png"")";138774_1.png;138774
"c(""138774_1.png"", ""138774_2.png"")";138774_2.png;138774
"c(""138786_1.png"", ""138786_2.png"")";138786_1.png;138786
"c(""138786_1.png"", ""138786_2.png"")";138786_2.png;138786
"c(""138787_1.png"", ""138787_2.png"")";138787_1.png;138787
"c(""138787_1.png"", ""138787_2.png"")";138787_2.png;138787
"c(""138788_1.png"", ""138788_2.png"")";138788_1.png;138788
"c(""138788_1.png"", ""138788_2.png"")";138788_2.png;138788
"c(""138790_1.png"", ""138790_2.png"")";138790_1.png;138790
"c(""138790_1.png"", ""138790_2.png"")";138790_2.png;138790
"c(""138792_1.png"", ""138792_2.png"")";138792_1.png;138792
"c(""138792_1.png"", ""138792_2.png"")";138792_2.png;138792
"c(""138793_1.png"", ""138793_2.png"")";138793_1.png;138793
"c(""138793_1.png"", ""138793_2.png"")";138793_2.png;138793
"c(""138794_1.png"", ""138794_2.png"")";138794_1.png;138794
"c(""138794_1.png"", ""138794_2.png"")";138794_2.png;138794
"c(""138795_1.png"", ""138795_2.png"")";138795_1.png;138795
"c(""138795_1.png"", ""138795_2.png"")";138795_2.png;138795
"c(""138799_1.png"", ""138799_2.png"")";138799_1.png;138799
"c(""138799_1.png"", ""138799_2.png"")";138799_2.png;138799
"c(""138800_1.png"", ""138800_2.png"")";138800_1.png;138800
"c(""138800_1.png"", ""138800_2.png"")";138800_2.png;138800
"c(""138801_1.png"", ""138801_2.png"")";138801_1.png;138801
"c(""138801_1.png"", ""138801_2.png"")";138801_2.png;138801
"c(""138802_1.png"", ""138802_2.png"")";138802_1.png;138802
"c(""138802_1.png"", ""138802_2.png"")";138802_2.png;138802
138803_1.png;138803_1.png;138803
138804_1.png;138804_1.png;138804
"c(""138805_1.png"", ""138805_2.png"")";138805_1.png;138805
"c(""138805_1.png"", ""138805_2.png"")";138805_2.png;138805
"c(""138806_1.png"", ""138806_2.png"")";138806_1.png;138806
"c(""138806_1.png"", ""138806_2.png"")";138806_2.png;138806
"c(""138807_1.png"", ""138807_2.png"")";138807_1.png;138807
"c(""138807_1.png"", ""138807_2.png"")";138807_2.png;138807
"c(""138808_1.png"", ""138808_2.png"")";138808_1.png;138808
"c(""138808_1.png"", ""138808_2.png"")";138808_2.png;138808
"c(""138809_1.png"", ""138809_2.png"")";138809_1.png;138809
"c(""138809_1.png"", ""138809_2.png"")";138809_2.png;138809
"c(""138810_1.png"", ""138810_2.png"")";138810_1.png;138810
"c(""138810_1.png"", ""138810_2.png"")";138810_2.png;138810
"c(""138811_1.png"", ""138811_2.png"")";138811_1.png;138811
"c(""138811_1.png"", ""138811_2.png"")";138811_2.png;138811
"c(""138812_1.png"", ""138812_2.png"")";138812_1.png;138812
"c(""138812_1.png"", ""138812_2.png"")";138812_2.png;138812
"c(""138813_1.png"", ""138813_2.png"")";138813_1.png;138813
"c(""138813_1.png"", ""138813_2.png"")";138813_2.png;138813
"c(""139543_1.png"", ""139543_2.png"")";139543_1.png;139543
"c(""139543_1.png"", ""139543_2.png"")";139543_2.png;139543
"c(""139545_1.png"", ""139545_2.png"")";139545_1.png;139545
"c(""139545_1.png"", ""139545_2.png"")";139545_2.png;139545
"c(""139546_1.png"", ""139546_2.png"")";139546_1.png;139546
"c(""139546_1.png"", ""139546_2.png"")";139546_2.png;139546
"c(""139548_1.png"", ""139548_2.png"")";139548_1.png;139548
"c(""139548_1.png"", ""139548_2.png"")";139548_2.png;139548
"c(""139549_1.png"", ""139549_2.png"")";139549_1.png;139549
"c(""139549_1.png"", ""139549_2.png"")";139549_2.png;139549
"c(""139551_1.png"", ""139551_2.png"")";139551_1.png;139551
"c(""139551_1.png"", ""139551_2.png"")";139551_2.png;139551
"c(""139552_1.png"", ""139552_2.png"")";139552_1.png;139552
"c(""139552_1.png"", ""139552_2.png"")";139552_2.png;139552
"c(""139553_1.png"", ""139553_2.png"")";139553_1.png;139553
"c(""139553_1.png"", ""139553_2.png"")";139553_2.png;139553
"c(""139554_1.png"", ""139554_2.png"")";139554_1.png;139554
"c(""139554_1.png"", ""139554_2.png"")";139554_2.png;139554
"c(""139555_1.png"", ""139555_2.png"")";139555_1.png;139555
"c(""139555_1.png"", ""139555_2.png"")";139555_2.png;139555
"c(""139556_1.png"", ""139556_2.png"")";139556_1.png;139556
"c(""139556_1.png"", ""139556_2.png"")";139556_2.png;139556
"c(""139557_1.png"", ""139557_2.png"")";139557_1.png;139557
"c(""139557_1.png"", ""139557_2.png"")";139557_2.png;139557
"c(""139585_1.png"", ""139585_2.png"")";139585_1.png;139585
"c(""139585_1.png"", ""139585_2.png"")";139585_2.png;139585
"c(""139586_1.png"", ""139586_2.png"")";139586_1.png;139586
"c(""139586_1.png"", ""139586_2.png"")";139586_2.png;139586
"c(""139587_1.png"", ""139587_2.png"")";139587_1.png;139587
"c(""139587_1.png"", ""139587_2.png"")";139587_2.png;139587
"c(""139588_1.png"", ""139588_2.png"")";139588_1.png;139588
"c(""139588_1.png"", ""139588_2.png"")";139588_2.png;139588
"c(""139589_1.png"", ""139589_2.png"")";139589_1.png;139589
"c(""139589_1.png"", ""139589_2.png"")";139589_2.png;139589
"c(""139590_1.png"", ""139590_2.png"")";139590_1.png;139590
"c(""139590_1.png"", ""139590_2.png"")";139590_2.png;139590
"c(""139591_1.png"", ""139591_2.png"")";139591_1.png;139591
"c(""139591_1.png"", ""139591_2.png"")";139591_2.png;139591
"c(""140525_1.png"", ""140525_2.png"")";140525_1.png;140525
"c(""140525_1.png"", ""140525_2.png"")";140525_2.png;140525
"c(""140526_1.png"", ""140526_2.png"")";140526_1.png;140526
"c(""140526_1.png"", ""140526_2.png"")";140526_2.png;140526
"c(""140527_1.png"", ""140527_2.png"")";140527_1.png;140527
"c(""140527_1.png"", ""140527_2.png"")";140527_2.png;140527
"c(""140541_1.png"", ""140541_2.png"")";140541_1.png;140541
"c(""140541_1.png"", ""140541_2.png"")";140541_2.png;140541
"c(""140546_1.png"", ""140546_2.png"")";140546_1.png;140546
"c(""140546_1.png"", ""140546_2.png"")";140546_2.png;140546
"c(""140547_1.png"", ""140547_2.png"")";140547_1.png;140547
"c(""140547_1.png"", ""140547_2.png"")";140547_2.png;140547
"c(""140552_1.png"", ""140552_2.png"")";140552_1.png;140552
"c(""140552_1.png"", ""140552_2.png"")";140552_2.png;140552
"c(""140562_1.png"", ""140562_2.png"")";140562_1.png;140562
"c(""140562_1.png"", ""140562_2.png"")";140562_2.png;140562
"c(""140579_1.png"", ""140579_2.png"")";140579_1.png;140579
"c(""140579_1.png"", ""140579_2.png"")";140579_2.png;140579
"c(""140586_1.png"", ""140586_2.png"")";140586_1.png;140586
"c(""140586_1.png"", ""140586_2.png"")";140586_2.png;140586
"c(""140596_1.png"", ""140596_2.png"")";140596_1.png;140596
"c(""140596_1.png"", ""140596_2.png"")";140596_2.png;140596
141118_1.png;141118_1.png;141118
141120_1.png;141120_1.png;141120
141134_1.png;141134_1.png;141134
141136_1.png;141136_1.png;141136
"c(""141145_1.png"", ""141145_2.png"")";141145_1.png;141145
"c(""141145_1.png"", ""141145_2.png"")";141145_2.png;141145
"c(""141146_1.png"", ""141146_2.png"")";141146_1.png;141146
"c(""141146_1.png"", ""141146_2.png"")";141146_2.png;141146
141148_1.png;141148_1.png;141148
141149_1.png;141149_1.png;141149
141150_1.png;141150_1.png;141150
141151_1.png;141151_1.png;141151
141155_1.png;141155_1.png;141155
141162_1.png;141162_1.png;141162
141168_1.png;141168_1.png;141168
141171_1.png;141171_1.png;141171
141173_1.png;141173_1.png;141173
141179_1.png;141179_1.png;141179
141180_1.png;141180_1.png;141180
141183_1.png;141183_1.png;141183
141184_1.png;141184_1.png;141184
141185_1.png;141185_1.png;141185
141186_1.png;141186_1.png;141186
141187_1.png;141187_1.png;141187
141188_1.png;141188_1.png;141188
141189_1.png;141189_1.png;141189
"c(""142457_1.png"", ""142457_2.png"")";142457_1.png;142457
"c(""142457_1.png"", ""142457_2.png"")";142457_2.png;142457
"c(""142458_1.png"", ""142458_2.png"")";142458_1.png;142458
"c(""142458_1.png"", ""142458_2.png"")";142458_2.png;142458
"c(""142462_1.png"", ""142462_2.png"")";142462_1.png;142462
"c(""142462_1.png"", ""142462_2.png"")";142462_2.png;142462
"c(""142484_1.png"", ""142484_2.png"")";142484_1.png;142484
"c(""142484_1.png"", ""142484_2.png"")";142484_2.png;142484
"c(""142498_1.png"", ""142498_2.png"")";142498_1.png;142498
"c(""142498_1.png"", ""142498_2.png"")";142498_2.png;142498
"c(""142499_1.png"", ""142499_2.png"")";142499_1.png;142499
"c(""142499_1.png"", ""142499_2.png"")";142499_2.png;142499
"c(""142525_1.png"", ""142525_2.png"")";142525_1.png;142525
"c(""142525_1.png"", ""142525_2.png"")";142525_2.png;142525
"c(""142536_1.png"", ""142536_2.png"")";142536_1.png;142536
"c(""142536_1.png"", ""142536_2.png"")";142536_2.png;142536
"c(""142544_1.png"", ""142544_2.png"")";142544_1.png;142544
"c(""142544_1.png"", ""142544_2.png"")";142544_2.png;142544
"c(""142547_1.png"", ""142547_2.png"")";142547_1.png;142547
"c(""142547_1.png"", ""142547_2.png"")";142547_2.png;142547
"c(""142549_1.png"", ""142549_2.png"")";142549_1.png;142549
"c(""142549_1.png"", ""142549_2.png"")";142549_2.png;142549
"c(""142564_1.png"", ""142564_2.png"")";142564_1.png;142564
"c(""142564_1.png"", ""142564_2.png"")";142564_2.png;142564
142568_1.png;142568_1.png;142568
142569_1.png;142569_1.png;142569
142573_1.png;142573_1.png;142573
142577_1.png;142577_1.png;142577
142584_1.png;142584_1.png;142584
142585_1.png;142585_1.png;142585
142589_1.png;142589_1.png;142589
142590_1.png;142590_1.png;142590
"c(""143296_1.png"", ""143296_2.png"")";143296_1.png;143296
"c(""143296_1.png"", ""143296_2.png"")";143296_2.png;143296
"c(""143297_1.png"", ""143297_2.png"")";143297_1.png;143297
"c(""143297_1.png"", ""143297_2.png"")";143297_2.png;143297
144368_1.png;144368_1.png;144368
144375_1.png;144375_1.png;144375
144376_1.png;144376_1.png;144376
144377_1.png;144377_1.png;144377
144378_1.png;144378_1.png;144378
144379_1.png;144379_1.png;144379
144380_1.png;144380_1.png;144380
144381_1.png;144381_1.png;144381
144382_1.png;144382_1.png;144382
144383_1.png;144383_1.png;144383
144384_1.png;144384_1.png;144384
"c(""144784_1.png"", ""144784_2.png"")";144784_1.png;144784
"c(""144784_1.png"", ""144784_2.png"")";144784_2.png;144784
"c(""144785_1.png"", ""144785_2.png"")";144785_1.png;144785
"c(""144785_1.png"", ""144785_2.png"")";144785_2.png;144785
"c(""144790_1.png"", ""144790_2.png"")";144790_1.png;144790
"c(""144790_1.png"", ""144790_2.png"")";144790_2.png;144790
"c(""144794_1.png"", ""144794_2.png"")";144794_1.png;144794
"c(""144794_1.png"", ""144794_2.png"")";144794_2.png;144794
"c(""144832_1.png"", ""144832_2.png"")";144832_1.png;144832
"c(""144832_1.png"", ""144832_2.png"")";144832_2.png;144832
"c(""144833_1.png"", ""144833_2.png"")";144833_1.png;144833
"c(""144833_1.png"", ""144833_2.png"")";144833_2.png;144833
"c(""144834_1.png"", ""144834_2.png"")";144834_1.png;144834
"c(""144834_1.png"", ""144834_2.png"")";144834_2.png;144834
"c(""144835_1.png"", ""144835_2.png"")";144835_1.png;144835
"c(""144835_1.png"", ""144835_2.png"")";144835_2.png;144835
"c(""144850_1.png"", ""144850_2.png"")";144850_1.png;144850
"c(""144850_1.png"", ""144850_2.png"")";144850_2.png;144850
"c(""144851_1.png"", ""144851_2.png"")";144851_1.png;144851
"c(""144851_1.png"", ""144851_2.png"")";144851_2.png;144851
"c(""144852_1.png"", ""144852_2.png"")";144852_1.png;144852
"c(""144852_1.png"", ""144852_2.png"")";144852_2.png;144852
"c(""144859_1.png"", ""144859_2.png"")";144859_1.png;144859
"c(""144859_1.png"", ""144859_2.png"")";144859_2.png;144859
"c(""144874_1.png"", ""144874_2.png"")";144874_1.png;144874
"c(""144874_1.png"", ""144874_2.png"")";144874_2.png;144874
"c(""144875_1.png"", ""144875_2.png"")";144875_1.png;144875
"c(""144875_1.png"", ""144875_2.png"")";144875_2.png;144875
"c(""144876_1.png"", ""144876_2.png"")";144876_1.png;144876
"c(""144876_1.png"", ""144876_2.png"")";144876_2.png;144876
"c(""144877_1.png"", ""144877_2.png"")";144877_1.png;144877
"c(""144877_1.png"", ""144877_2.png"")";144877_2.png;144877
"c(""144878_1.png"", ""144878_2.png"")";144878_1.png;144878
"c(""144878_1.png"", ""144878_2.png"")";144878_2.png;144878
"c(""144879_1.png"", ""144879_2.png"")";144879_1.png;144879
"c(""144879_1.png"", ""144879_2.png"")";144879_2.png;144879
"c(""144880_1.png"", ""144880_2.png"")";144880_1.png;144880
"c(""144880_1.png"", ""144880_2.png"")";144880_2.png;144880
"c(""144881_1.png"", ""144881_2.png"")";144881_1.png;144881
"c(""144881_1.png"", ""144881_2.png"")";144881_2.png;144881
"c(""146320_1.png"", ""146320_2.png"")";146320_1.png;146320
"c(""146320_1.png"", ""146320_2.png"")";146320_2.png;146320
"c(""146321_1.png"", ""146321_2.png"")";146321_1.png;146321
"c(""146321_1.png"", ""146321_2.png"")";146321_2.png;146321
"c(""146322_1.png"", ""146322_2.png"")";146322_1.png;146322
"c(""146322_1.png"", ""146322_2.png"")";146322_2.png;146322
"c(""146323_1.png"", ""146323_2.png"")";146323_1.png;146323
"c(""146323_1.png"", ""146323_2.png"")";146323_2.png;146323
"c(""146324_1.png"", ""146324_2.png"")";146324_1.png;146324
"c(""146324_1.png"", ""146324_2.png"")";146324_2.png;146324
"c(""146325_1.png"", ""146325_2.png"")";146325_1.png;146325
"c(""146325_1.png"", ""146325_2.png"")";146325_2.png;146325
"c(""146326_1.png"", ""146326_2.png"")";146326_1.png;146326
"c(""146326_1.png"", ""146326_2.png"")";146326_2.png;146326
"c(""146336_1.png"", ""146336_2.png"")";146336_1.png;146336
"c(""146336_1.png"", ""146336_2.png"")";146336_2.png;146336
"c(""147661_1.png"", ""147661_2.png"")";147661_1.png;147661
"c(""147661_1.png"", ""147661_2.png"")";147661_2.png;147661
"c(""147668_1.png"", ""147668_2.png"")";147668_1.png;147668
"c(""147668_1.png"", ""147668_2.png"")";147668_2.png;147668
"c(""147669_1.png"", ""147669_2.png"")";147669_1.png;147669
"c(""147669_1.png"", ""147669_2.png"")";147669_2.png;147669
"c(""147670_1.png"", ""147670_2.png"")";147670_1.png;147670
"c(""147670_1.png"", ""147670_2.png"")";147670_2.png;147670
"c(""147675_1.png"", ""147675_2.png"")";147675_1.png;147675
"c(""147675_1.png"", ""147675_2.png"")";147675_2.png;147675
"c(""147676_1.png"", ""147676_2.png"")";147676_1.png;147676
"c(""147676_1.png"", ""147676_2.png"")";147676_2.png;147676
147839_1.png;147839_1.png;147839
147840_1.png;147840_1.png;147840
147841_1.png;147841_1.png;147841
147843_1.png;147843_1.png;147843
147844_1.png;147844_1.png;147844
147845_1.png;147845_1.png;147845
147846_1.png;147846_1.png;147846
147847_1.png;147847_1.png;147847
147848_1.png;147848_1.png;147848
147849_1.png;147849_1.png;147849
"c(""151415_1.png"", ""151415_2.png"")";151415_1.png;151415
"c(""151415_1.png"", ""151415_2.png"")";151415_2.png;151415
"c(""151421_1.png"", ""151421_2.png"")";151421_1.png;151421
"c(""151421_1.png"", ""151421_2.png"")";151421_2.png;151421
"c(""151423_1.png"", ""151423_2.png"")";151423_1.png;151423
"c(""151423_1.png"", ""151423_2.png"")";151423_2.png;151423
"c(""151425_1.png"", ""151425_2.png"")";151425_1.png;151425
"c(""151425_1.png"", ""151425_2.png"")";151425_2.png;151425
"c(""151426_1.png"", ""151426_2.png"")";151426_1.png;151426
"c(""151426_1.png"", ""151426_2.png"")";151426_2.png;151426
"c(""151427_1.png"", ""151427_2.png"")";151427_1.png;151427
"c(""151427_1.png"", ""151427_2.png"")";151427_2.png;151427
"c(""151428_1.png"", ""151428_2.png"")";151428_1.png;151428
"c(""151428_1.png"", ""151428_2.png"")";151428_2.png;151428
"c(""151429_1.png"", ""151429_2.png"")";151429_1.png;151429
"c(""151429_1.png"", ""151429_2.png"")";151429_2.png;151429
"c(""151430_1.png"", ""151430_2.png"")";151430_1.png;151430
"c(""151430_1.png"", ""151430_2.png"")";151430_2.png;151430
152027_1.png;152027_1.png;152027
152029_1.png;152029_1.png;152029
152030_1.png;152030_1.png;152030
152032_1.png;152032_1.png;152032
152033_1.png;152033_1.png;152033
152034_1.png;152034_1.png;152034
152038_1.png;152038_1.png;152038
152040_1.png;152040_1.png;152040
152041_1.png;152041_1.png;152041
152042_1.png;152042_1.png;152042
"c(""153057_1.png"", ""153057_2.png"")";153057_1.png;153057
"c(""153057_1.png"", ""153057_2.png"")";153057_2.png;153057
"c(""153058_1.png"", ""153058_2.png"")";153058_1.png;153058
"c(""153058_1.png"", ""153058_2.png"")";153058_2.png;153058
"c(""153059_1.png"", ""153059_2.png"")";153059_1.png;153059
"c(""153059_1.png"", ""153059_2.png"")";153059_2.png;153059
"c(""153061_1.png"", ""153061_2.png"")";153061_1.png;153061
"c(""153061_1.png"", ""153061_2.png"")";153061_2.png;153061
"c(""153063_1.png"", ""153063_2.png"")";153063_1.png;153063
"c(""153063_1.png"", ""153063_2.png"")";153063_2.png;153063
"c(""153064_1.png"", ""153064_2.png"")";153064_1.png;153064
"c(""153064_1.png"", ""153064_2.png"")";153064_2.png;153064
"c(""153065_1.png"", ""153065_2.png"")";153065_1.png;153065
"c(""153065_1.png"", ""153065_2.png"")";153065_2.png;153065
"c(""153066_1.png"", ""153066_2.png"")";153066_1.png;153066
"c(""153066_1.png"", ""153066_2.png"")";153066_2.png;153066
"c(""153067_1.png"", ""153067_2.png"")";153067_1.png;153067
"c(""153067_1.png"", ""153067_2.png"")";153067_2.png;153067
"c(""153068_1.png"", ""153068_2.png"")";153068_1.png;153068
"c(""153068_1.png"", ""153068_2.png"")";153068_2.png;153068
"c(""153071_1.png"", ""153071_2.png"")";153071_1.png;153071
"c(""153071_1.png"", ""153071_2.png"")";153071_2.png;153071
154429_1.png;154429_1.png;154429
154430_1.png;154430_1.png;154430
154431_1.png;154431_1.png;154431
154433_1.png;154433_1.png;154433
154434_1.png;154434_1.png;154434
154438_1.png;154438_1.png;154438
154439_1.png;154439_1.png;154439
154440_1.png;154440_1.png;154440
"c(""155342_1.png"", ""155342_2.png"")";155342_1.png;155342
"c(""155342_1.png"", ""155342_2.png"")";155342_2.png;155342
"c(""155343_1.png"", ""155343_2.png"")";155343_1.png;155343
"c(""155343_1.png"", ""155343_2.png"")";155343_2.png;155343
"c(""155344_1.png"", ""155344_2.png"")";155344_1.png;155344
"c(""155344_1.png"", ""155344_2.png"")";155344_2.png;155344
"c(""155345_1.png"", ""155345_2.png"")";155345_1.png;155345
"c(""155345_1.png"", ""155345_2.png"")";155345_2.png;155345
"c(""155346_1.png"", ""155346_2.png"")";155346_1.png;155346
"c(""155346_1.png"", ""155346_2.png"")";155346_2.png;155346
"c(""155347_1.png"", ""155347_2.png"")";155347_1.png;155347
"c(""155347_1.png"", ""155347_2.png"")";155347_2.png;155347
"c(""155348_1.png"", ""155348_2.png"")";155348_1.png;155348
"c(""155348_1.png"", ""155348_2.png"")";155348_2.png;155348
"c(""155349_1.png"", ""155349_2.png"")";155349_1.png;155349
"c(""155349_1.png"", ""155349_2.png"")";155349_2.png;155349
"c(""155350_1.png"", ""155350_2.png"")";155350_1.png;155350
"c(""155350_1.png"", ""155350_2.png"")";155350_2.png;155350
"c(""155351_1.png"", ""155351_2.png"")";155351_1.png;155351
"c(""155351_1.png"", ""155351_2.png"")";155351_2.png;155351
"c(""155352_1.png"", ""155352_2.png"")";155352_1.png;155352
"c(""155352_1.png"", ""155352_2.png"")";155352_2.png;155352
"c(""156824_1.png"", ""156824_2.png"")";156824_1.png;156824
"c(""156824_1.png"", ""156824_2.png"")";156824_2.png;156824
"c(""156825_1.png"", ""156825_2.png"")";156825_1.png;156825
"c(""156825_1.png"", ""156825_2.png"")";156825_2.png;156825
"c(""156826_1.png"", ""156826_2.png"")";156826_1.png;156826
"c(""156826_1.png"", ""156826_2.png"")";156826_2.png;156826
"c(""156827_1.png"", ""156827_2.png"")";156827_1.png;156827
"c(""156827_1.png"", ""156827_2.png"")";156827_2.png;156827
"c(""156828_1.png"", ""156828_2.png"")";156828_1.png;156828
"c(""156828_1.png"", ""156828_2.png"")";156828_2.png;156828
"c(""156851_1.png"", ""156851_2.png"")";156851_1.png;156851
"c(""156851_1.png"", ""156851_2.png"")";156851_2.png;156851
156905_1.png;156905_1.png;156905
156914_1.png;156914_1.png;156914
156915_1.png;156915_1.png;156915
156916_1.png;156916_1.png;156916
156917_1.png;156917_1.png;156917
156918_1.png;156918_1.png;156918
156919_1.png;156919_1.png;156919
"c(""158099_1.png"", ""158099_2.png"")";158099_1.png;158099
"c(""158099_1.png"", ""158099_2.png"")";158099_2.png;158099
"c(""158100_1.png"", ""158100_2.png"")";158100_1.png;158100
"c(""158100_1.png"", ""158100_2.png"")";158100_2.png;158100
"c(""158101_1.png"", ""158101_2.png"")";158101_1.png;158101
"c(""158101_1.png"", ""158101_2.png"")";158101_2.png;158101
"c(""158968_1.png"", ""158968_2.png"")";158968_1.png;158968
"c(""158968_1.png"", ""158968_2.png"")";158968_2.png;158968
"c(""158969_1.png"", ""158969_2.png"")";158969_1.png;158969
"c(""158969_1.png"", ""158969_2.png"")";158969_2.png;158969
"c(""158970_1.png"", ""158970_2.png"")";158970_1.png;158970
"c(""158970_1.png"", ""158970_2.png"")";158970_2.png;158970
"c(""158971_1.png"", ""158971_2.png"")";158971_1.png;158971
"c(""158971_1.png"", ""158971_2.png"")";158971_2.png;158971
"c(""158978_1.png"", ""158978_2.png"")";158978_1.png;158978
"c(""158978_1.png"", ""158978_2.png"")";158978_2.png;158978
159671_1.png;159671_1.png;159671
159675_1.png;159675_1.png;159675
"c(""163172_1.png"", ""163172_2.png"")";163172_1.png;163172
"c(""163172_1.png"", ""163172_2.png"")";163172_2.png;163172
"c(""163173_1.png"", ""163173_2.png"")";163173_1.png;163173
"c(""163173_1.png"", ""163173_2.png"")";163173_2.png;163173
"c(""163174_1.png"", ""163174_2.png"")";163174_1.png;163174
"c(""163174_1.png"", ""163174_2.png"")";163174_2.png;163174
"c(""163175_1.png"", ""163175_2.png"")";163175_1.png;163175
"c(""163175_1.png"", ""163175_2.png"")";163175_2.png;163175
"c(""163176_1.png"", ""163176_2.png"")";163176_1.png;163176
"c(""163176_1.png"", ""163176_2.png"")";163176_2.png;163176
"c(""163178_1.png"", ""163178_2.png"")";163178_1.png;163178
"c(""163178_1.png"", ""163178_2.png"")";163178_2.png;163178
"c(""163179_1.png"", ""163179_2.png"")";163179_1.png;163179
"c(""163179_1.png"", ""163179_2.png"")";163179_2.png;163179
"c(""165450_1.png"", ""165450_2.png"")";165450_1.png;165450
"c(""165450_1.png"", ""165450_2.png"")";165450_2.png;165450
"c(""165451_1.png"", ""165451_2.png"")";165451_1.png;165451
"c(""165451_1.png"", ""165451_2.png"")";165451_2.png;165451
"c(""165452_1.png"", ""165452_2.png"")";165452_1.png;165452
"c(""165452_1.png"", ""165452_2.png"")";165452_2.png;165452
"c(""165453_1.png"", ""165453_2.png"")";165453_1.png;165453
"c(""165453_1.png"", ""165453_2.png"")";165453_2.png;165453
"c(""165454_1.png"", ""165454_2.png"")";165454_1.png;165454
"c(""165454_1.png"", ""165454_2.png"")";165454_2.png;165454
"c(""165455_1.png"", ""165455_2.png"")";165455_1.png;165455
"c(""165455_1.png"", ""165455_2.png"")";165455_2.png;165455
"c(""165456_1.png"", ""165456_2.png"")";165456_1.png;165456
"c(""165456_1.png"", ""165456_2.png"")";165456_2.png;165456
"c(""165457_1.png"", ""165457_2.png"")";165457_1.png;165457
"c(""165457_1.png"", ""165457_2.png"")";165457_2.png;165457
"c(""165458_1.png"", ""165458_2.png"")";165458_1.png;165458
"c(""165458_1.png"", ""165458_2.png"")";165458_2.png;165458
"c(""165459_1.png"", ""165459_2.png"")";165459_1.png;165459
"c(""165459_1.png"", ""165459_2.png"")";165459_2.png;165459
"c(""166762_1.png"", ""166762_2.png"")";166762_1.png;166762
"c(""166762_1.png"", ""166762_2.png"")";166762_2.png;166762
"c(""166763_1.png"", ""166763_2.png"")";166763_1.png;166763
"c(""166763_1.png"", ""166763_2.png"")";166763_2.png;166763
"c(""166764_1.png"", ""166764_2.png"")";166764_1.png;166764
"c(""166764_1.png"", ""166764_2.png"")";166764_2.png;166764
"c(""166765_1.png"", ""166765_2.png"")";166765_1.png;166765
"c(""166765_1.png"", ""166765_2.png"")";166765_2.png;166765
"c(""166766_1.png"", ""166766_2.png"")";166766_1.png;166766
"c(""166766_1.png"", ""166766_2.png"")";166766_2.png;166766
"c(""166767_1.png"", ""166767_2.png"")";166767_1.png;166767
"c(""166767_1.png"", ""166767_2.png"")";166767_2.png;166767
"c(""166768_1.png"", ""166768_2.png"")";166768_1.png;166768
"c(""166768_1.png"", ""166768_2.png"")";166768_2.png;166768
"c(""166769_1.png"", ""166769_2.png"")";166769_1.png;166769
"c(""166769_1.png"", ""166769_2.png"")";166769_2.png;166769
167752_1.png;167752_1.png;167752
167753_1.png;167753_1.png;167753
167756_1.png;167756_1.png;167756
167757_1.png;167757_1.png;167757
167758_1.png;167758_1.png;167758
167759_1.png;167759_1.png;167759
167760_1.png;167760_1.png;167760
"c(""167761_1.png"", ""167761_2.png"")";167761_1.png;167761
"c(""167761_1.png"", ""167761_2.png"")";167761_2.png;167761
167765_1.png;167765_1.png;167765
167766_1.png;167766_1.png;167766
"c(""168866_1.png"", ""168866_2.png"")";168866_1.png;168866
"c(""168866_1.png"", ""168866_2.png"")";168866_2.png;168866
"c(""168867_1.png"", ""168867_2.png"")";168867_1.png;168867
"c(""168867_1.png"", ""168867_2.png"")";168867_2.png;168867
"c(""168868_1.png"", ""168868_2.png"")";168868_1.png;168868
"c(""168868_1.png"", ""168868_2.png"")";168868_2.png;168868
"c(""168869_1.png"", ""168869_2.png"")";168869_1.png;168869
"c(""168869_1.png"", ""168869_2.png"")";168869_2.png;168869
"c(""168870_1.png"", ""168870_2.png"")";168870_1.png;168870
"c(""168870_1.png"", ""168870_2.png"")";168870_2.png;168870
"c(""168872_1.png"", ""168872_2.png"")";168872_1.png;168872
"c(""168872_1.png"", ""168872_2.png"")";168872_2.png;168872
"c(""168874_1.png"", ""168874_2.png"")";168874_1.png;168874
"c(""168874_1.png"", ""168874_2.png"")";168874_2.png;168874
"c(""168875_1.png"", ""168875_2.png"")";168875_1.png;168875
"c(""168875_1.png"", ""168875_2.png"")";168875_2.png;168875
"c(""168876_1.png"", ""168876_2.png"")";168876_1.png;168876
"c(""168876_1.png"", ""168876_2.png"")";168876_2.png;168876
"c(""168877_1.png"", ""168877_2.png"")";168877_1.png;168877
"c(""168877_1.png"", ""168877_2.png"")";168877_2.png;168877
"c(""168879_1.png"", ""168879_2.png"")";168879_1.png;168879
"c(""168879_1.png"", ""168879_2.png"")";168879_2.png;168879
"c(""168881_1.png"", ""168881_2.png"")";168881_1.png;168881
"c(""168881_1.png"", ""168881_2.png"")";168881_2.png;168881
"c(""168883_1.png"", ""168883_2.png"")";168883_1.png;168883
"c(""168883_1.png"", ""168883_2.png"")";168883_2.png;168883
"c(""168884_1.png"", ""168884_2.png"")";168884_1.png;168884
"c(""168884_1.png"", ""168884_2.png"")";168884_2.png;168884
"c(""168889_1.png"", ""168889_2.png"")";168889_1.png;168889
"c(""168889_1.png"", ""168889_2.png"")";168889_2.png;168889
"c(""168890_1.png"", ""168890_2.png"")";168890_1.png;168890
"c(""168890_1.png"", ""168890_2.png"")";168890_2.png;168890
"c(""169264_1.png"", ""169264_2.png"")";169264_1.png;169264
"c(""169264_1.png"", ""169264_2.png"")";169264_2.png;169264
169914_1.png;169914_1.png;169914
169916_1.png;169916_1.png;169916
169917_1.png;169917_1.png;169917
169919_1.png;169919_1.png;169919
169921_1.png;169921_1.png;169921
169922_1.png;169922_1.png;169922
169923_1.png;169923_1.png;169923
169926_1.png;169926_1.png;169926
"c(""170699_1.png"", ""170699_2.png"")";170699_1.png;170699
"c(""170699_1.png"", ""170699_2.png"")";170699_2.png;170699
"c(""170700_1.png"", ""170700_2.png"")";170700_1.png;170700
"c(""170700_1.png"", ""170700_2.png"")";170700_2.png;170700
"c(""170701_1.png"", ""170701_2.png"")";170701_1.png;170701
"c(""170701_1.png"", ""170701_2.png"")";170701_2.png;170701
"c(""170702_1.png"", ""170702_2.png"")";170702_1.png;170702
"c(""170702_1.png"", ""170702_2.png"")";170702_2.png;170702
"c(""170703_1.png"", ""170703_2.png"")";170703_1.png;170703
"c(""170703_1.png"", ""170703_2.png"")";170703_2.png;170703
"c(""170705_1.png"", ""170705_2.png"")";170705_1.png;170705
"c(""170705_1.png"", ""170705_2.png"")";170705_2.png;170705
172112_1.png;172112_1.png;172112
172113_1.png;172113_1.png;172113
172114_1.png;172114_1.png;172114
172116_1.png;172116_1.png;172116
172118_1.png;172118_1.png;172118
172120_1.png;172120_1.png;172120
"c(""172204_1.png"", ""172204_2.png"")";172204_1.png;172204
"c(""172204_1.png"", ""172204_2.png"")";172204_2.png;172204
"c(""172205_1.png"", ""172205_2.png"")";172205_1.png;172205
"c(""172205_1.png"", ""172205_2.png"")";172205_2.png;172205
"c(""172206_1.png"", ""172206_2.png"")";172206_1.png;172206
"c(""172206_1.png"", ""172206_2.png"")";172206_2.png;172206
174945_1.png;174945_1.png;174945
174946_1.png;174946_1.png;174946
174947_1.png;174947_1.png;174947
174948_1.png;174948_1.png;174948
174949_1.png;174949_1.png;174949
174950_1.png;174950_1.png;174950
174953_1.png;174953_1.png;174953
"c(""175480_1.png"", ""175480_2.png"")";175480_1.png;175480
"c(""175480_1.png"", ""175480_2.png"")";175480_2.png;175480
"c(""175481_1.png"", ""175481_2.png"")";175481_1.png;175481
"c(""175481_1.png"", ""175481_2.png"")";175481_2.png;175481
"c(""175482_1.png"", ""175482_2.png"")";175482_1.png;175482
"c(""175482_1.png"", ""175482_2.png"")";175482_2.png;175482
"c(""175591_1.png"", ""175591_2.png"")";175591_1.png;175591
"c(""175591_1.png"", ""175591_2.png"")";175591_2.png;175591
"c(""175592_1.png"", ""175592_2.png"")";175592_1.png;175592
"c(""175592_1.png"", ""175592_2.png"")";175592_2.png;175592
"c(""175593_1.png"", ""175593_2.png"")";175593_1.png;175593
"c(""175593_1.png"", ""175593_2.png"")";175593_2.png;175593
"c(""175594_1.png"", ""175594_2.png"")";175594_1.png;175594
"c(""175594_1.png"", ""175594_2.png"")";175594_2.png;175594
"c(""175595_1.png"", ""175595_2.png"")";175595_1.png;175595
"c(""175595_1.png"", ""175595_2.png"")";175595_2.png;175595
176748_1.png;176748_1.png;176748
176749_1.png;176749_1.png;176749
176774_1.png;176774_1.png;176774
176775_1.png;176775_1.png;176775
176776_1.png;176776_1.png;176776
"c(""177447_1.png"", ""177447_2.png"")";177447_1.png;177447
"c(""177447_1.png"", ""177447_2.png"")";177447_2.png;177447
"c(""177452_1.png"", ""177452_2.png"")";177452_1.png;177452
"c(""177452_1.png"", ""177452_2.png"")";177452_2.png;177452
"c(""177453_1.png"", ""177453_2.png"")";177453_1.png;177453
"c(""177453_1.png"", ""177453_2.png"")";177453_2.png;177453
"c(""177454_1.png"", ""177454_2.png"")";177454_1.png;177454
"c(""177454_1.png"", ""177454_2.png"")";177454_2.png;177454
"c(""177457_1.png"", ""177457_2.png"")";177457_1.png;177457
"c(""177457_1.png"", ""177457_2.png"")";177457_2.png;177457
"c(""179742_1.png"", ""179742_2.png"")";179742_1.png;179742
"c(""179742_1.png"", ""179742_2.png"")";179742_2.png;179742
"c(""180466_1.png"", ""180466_2.png"")";180466_1.png;180466
"c(""180466_1.png"", ""180466_2.png"")";180466_2.png;180466
"c(""180467_1.png"", ""180467_2.png"")";180467_1.png;180467
"c(""180467_1.png"", ""180467_2.png"")";180467_2.png;180467
"c(""180468_1.png"", ""180468_2.png"")";180468_1.png;180468
"c(""180468_1.png"", ""180468_2.png"")";180468_2.png;180468
"c(""180469_1.png"", ""180469_2.png"")";180469_1.png;180469
"c(""180469_1.png"", ""180469_2.png"")";180469_2.png;180469
"c(""180470_1.png"", ""180470_2.png"")";180470_1.png;180470
"c(""180470_1.png"", ""180470_2.png"")";180470_2.png;180470
"c(""180471_1.png"", ""180471_2.png"")";180471_1.png;180471
"c(""180471_1.png"", ""180471_2.png"")";180471_2.png;180471
181060_1.png;181060_1.png;181060
181062_1.png;181062_1.png;181062
181063_1.png;181063_1.png;181063
181064_1.png;181064_1.png;181064
181065_1.png;181065_1.png;181065
181071_1.png;181071_1.png;181071
181072_1.png;181072_1.png;181072
181396_1.png;181396_1.png;181396
183652_1.png;183652_1.png;183652
183653_1.png;183653_1.png;183653
183659_1.png;183659_1.png;183659
183660_1.png;183660_1.png;183660
183662_1.png;183662_1.png;183662
183664_1.png;183664_1.png;183664
183665_1.png;183665_1.png;183665
183666_1.png;183666_1.png;183666
183667_1.png;183667_1.png;183667
185984_1.png;185984_1.png;185984
185986_1.png;185986_1.png;185986
185988_1.png;185988_1.png;185988
185989_1.png;185989_1.png;185989
185991_1.png;185991_1.png;185991
185992_1.png;185992_1.png;185992
185994_1.png;185994_1.png;185994
185995_1.png;185995_1.png;185995
185998_1.png;185998_1.png;185998
185999_1.png;185999_1.png;185999
186002_1.png;186002_1.png;186002
"c(""186003_1.png"", ""186003_2.png"")";186003_1.png;186003
"c(""186003_1.png"", ""186003_2.png"")";186003_2.png;186003
186004_1.png;186004_1.png;186004
186005_1.png;186005_1.png;186005
186006_1.png;186006_1.png;186006
"c(""186781_1.png"", ""186781_2.png"")";186781_1.png;186781
"c(""186781_1.png"", ""186781_2.png"")";186781_2.png;186781
"c(""186782_1.png"", ""186782_2.png"")";186782_1.png;186782
"c(""186782_1.png"", ""186782_2.png"")";186782_2.png;186782
"c(""186783_1.png"", ""186783_2.png"")";186783_1.png;186783
"c(""186783_1.png"", ""186783_2.png"")";186783_2.png;186783
"c(""186788_1.png"", ""186788_2.png"")";186788_1.png;186788
"c(""186788_1.png"", ""186788_2.png"")";186788_2.png;186788
"c(""186789_1.png"", ""186789_2.png"")";186789_1.png;186789
"c(""186789_1.png"", ""186789_2.png"")";186789_2.png;186789
"c(""186790_1.png"", ""186790_2.png"")";186790_1.png;186790
"c(""186790_1.png"", ""186790_2.png"")";186790_2.png;186790
"c(""186791_1.png"", ""186791_2.png"")";186791_1.png;186791
"c(""186791_1.png"", ""186791_2.png"")";186791_2.png;186791
"c(""186792_1.png"", ""186792_2.png"")";186792_1.png;186792
"c(""186792_1.png"", ""186792_2.png"")";186792_2.png;186792
"c(""186793_1.png"", ""186793_2.png"")";186793_1.png;186793
"c(""186793_1.png"", ""186793_2.png"")";186793_2.png;186793
"c(""186830_1.png"", ""186830_2.png"")";186830_1.png;186830
"c(""186830_1.png"", ""186830_2.png"")";186830_2.png;186830
"c(""186831_1.png"", ""186831_2.png"")";186831_1.png;186831
"c(""186831_1.png"", ""186831_2.png"")";186831_2.png;186831
"c(""186832_1.png"", ""186832_2.png"")";186832_1.png;186832
"c(""186832_1.png"", ""186832_2.png"")";186832_2.png;186832
"c(""186833_1.png"", ""186833_2.png"")";186833_1.png;186833
"c(""186833_1.png"", ""186833_2.png"")";186833_2.png;186833
"c(""186834_1.png"", ""186834_2.png"")";186834_1.png;186834
"c(""186834_1.png"", ""186834_2.png"")";186834_2.png;186834
"c(""186835_1.png"", ""186835_2.png"")";186835_1.png;186835
"c(""186835_1.png"", ""186835_2.png"")";186835_2.png;186835
187678_1.png;187678_1.png;187678
187679_1.png;187679_1.png;187679
187680_1.png;187680_1.png;187680
187681_1.png;187681_1.png;187681
187682_1.png;187682_1.png;187682
187683_1.png;187683_1.png;187683
187684_1.png;187684_1.png;187684
187685_1.png;187685_1.png;187685
187686_1.png;187686_1.png;187686
187688_1.png;187688_1.png;187688
187689_1.png;187689_1.png;187689
"c(""188123_1.png"", ""188123_2.png"")";188123_1.png;188123
"c(""188123_1.png"", ""188123_2.png"")";188123_2.png;188123
"c(""188127_1.png"", ""188127_2.png"")";188127_1.png;188127
"c(""188127_1.png"", ""188127_2.png"")";188127_2.png;188127
"c(""188128_1.png"", ""188128_2.png"")";188128_1.png;188128
"c(""188128_1.png"", ""188128_2.png"")";188128_2.png;188128
"c(""188144_1.png"", ""188144_2.png"")";188144_1.png;188144
"c(""188144_1.png"", ""188144_2.png"")";188144_2.png;188144
"c(""188145_1.png"", ""188145_2.png"")";188145_1.png;188145
"c(""188145_1.png"", ""188145_2.png"")";188145_2.png;188145
"c(""188152_1.png"", ""188152_2.png"")";188152_1.png;188152
"c(""188152_1.png"", ""188152_2.png"")";188152_2.png;188152
"c(""188155_1.png"", ""188155_2.png"")";188155_1.png;188155
"c(""188155_1.png"", ""188155_2.png"")";188155_2.png;188155
"c(""189929_1.png"", ""189929_2.png"")";189929_1.png;189929
"c(""189929_1.png"", ""189929_2.png"")";189929_2.png;189929
"c(""189930_1.png"", ""189930_2.png"")";189930_1.png;189930
"c(""189930_1.png"", ""189930_2.png"")";189930_2.png;189930
"c(""189934_1.png"", ""189934_2.png"")";189934_1.png;189934
"c(""189934_1.png"", ""189934_2.png"")";189934_2.png;189934
"c(""189935_1.png"", ""189935_2.png"")";189935_1.png;189935
"c(""189935_1.png"", ""189935_2.png"")";189935_2.png;189935
"c(""189936_1.png"", ""189936_2.png"")";189936_1.png;189936
"c(""189936_1.png"", ""189936_2.png"")";189936_2.png;189936
"c(""189937_1.png"", ""189937_2.png"")";189937_1.png;189937
"c(""189937_1.png"", ""189937_2.png"")";189937_2.png;189937
"c(""189938_1.png"", ""189938_2.png"")";189938_1.png;189938
"c(""189938_1.png"", ""189938_2.png"")";189938_2.png;189938
"c(""189939_1.png"", ""189939_2.png"")";189939_1.png;189939
"c(""189939_1.png"", ""189939_2.png"")";189939_2.png;189939
"c(""189940_1.png"", ""189940_2.png"")";189940_1.png;189940
"c(""189940_1.png"", ""189940_2.png"")";189940_2.png;189940
"c(""189941_1.png"", ""189941_2.png"")";189941_1.png;189941
"c(""189941_1.png"", ""189941_2.png"")";189941_2.png;189941
"c(""189942_1.png"", ""189942_2.png"")";189942_1.png;189942
"c(""189942_1.png"", ""189942_2.png"")";189942_2.png;189942
"c(""189943_1.png"", ""189943_2.png"")";189943_1.png;189943
"c(""189943_1.png"", ""189943_2.png"")";189943_2.png;189943
"c(""189944_1.png"", ""189944_2.png"")";189944_1.png;189944
"c(""189944_1.png"", ""189944_2.png"")";189944_2.png;189944
"c(""189945_1.png"", ""189945_2.png"")";189945_1.png;189945
"c(""189945_1.png"", ""189945_2.png"")";189945_2.png;189945
"c(""189946_1.png"", ""189946_2.png"")";189946_1.png;189946
"c(""189946_1.png"", ""189946_2.png"")";189946_2.png;189946
"c(""189947_1.png"", ""189947_2.png"")";189947_1.png;189947
"c(""189947_1.png"", ""189947_2.png"")";189947_2.png;189947
"c(""189948_1.png"", ""189948_2.png"")";189948_1.png;189948
"c(""189948_1.png"", ""189948_2.png"")";189948_2.png;189948
189969_1.png;189969_1.png;189969
189970_1.png;189970_1.png;189970
190032_1.png;190032_1.png;190032
190033_1.png;190033_1.png;190033
190035_1.png;190035_1.png;190035
"c(""190795_1.png"", ""190795_2.png"")";190795_1.png;190795
"c(""190795_1.png"", ""190795_2.png"")";190795_2.png;190795
"c(""191063_1.png"", ""191063_2.png"")";191063_1.png;191063
"c(""191063_1.png"", ""191063_2.png"")";191063_2.png;191063
"c(""191064_1.png"", ""191064_2.png"")";191064_1.png;191064
"c(""191064_1.png"", ""191064_2.png"")";191064_2.png;191064
"c(""191065_1.png"", ""191065_2.png"")";191065_1.png;191065
"c(""191065_1.png"", ""191065_2.png"")";191065_2.png;191065
"c(""191068_1.png"", ""191068_2.png"")";191068_1.png;191068
"c(""191068_1.png"", ""191068_2.png"")";191068_2.png;191068
"c(""191069_1.png"", ""191069_2.png"")";191069_1.png;191069
"c(""191069_1.png"", ""191069_2.png"")";191069_2.png;191069
"c(""191070_1.png"", ""191070_2.png"")";191070_1.png;191070
"c(""191070_1.png"", ""191070_2.png"")";191070_2.png;191070
"c(""191071_1.png"", ""191071_2.png"")";191071_1.png;191071
"c(""191071_1.png"", ""191071_2.png"")";191071_2.png;191071
"c(""191072_1.png"", ""191072_2.png"", ""191072_3.png"")";191072_1.png;191072
"c(""191072_1.png"", ""191072_2.png"", ""191072_3.png"")";191072_2.png;191072
"c(""191072_1.png"", ""191072_2.png"", ""191072_3.png"")";191072_3.png;191072
"c(""191102_1.png"", ""191102_2.png"")";191102_1.png;191102
"c(""191102_1.png"", ""191102_2.png"")";191102_2.png;191102
"c(""191103_1.png"", ""191103_2.png"")";191103_1.png;191103
"c(""191103_1.png"", ""191103_2.png"")";191103_2.png;191103
"c(""191104_1.png"", ""191104_2.png"")";191104_1.png;191104
"c(""191104_1.png"", ""191104_2.png"")";191104_2.png;191104
"c(""191105_1.png"", ""191105_2.png"")";191105_1.png;191105
"c(""191105_1.png"", ""191105_2.png"")";191105_2.png;191105
"c(""191106_1.png"", ""191106_2.png"")";191106_1.png;191106
"c(""191106_1.png"", ""191106_2.png"")";191106_2.png;191106
"c(""191107_1.png"", ""191107_2.png"")";191107_1.png;191107
"c(""191107_1.png"", ""191107_2.png"")";191107_2.png;191107
"c(""191108_1.png"", ""191108_2.png"")";191108_1.png;191108
"c(""191108_1.png"", ""191108_2.png"")";191108_2.png;191108
"c(""191111_1.png"", ""191111_2.png"")";191111_1.png;191111
"c(""191111_1.png"", ""191111_2.png"")";191111_2.png;191111
"c(""191113_1.png"", ""191113_2.png"")";191113_1.png;191113
"c(""191113_1.png"", ""191113_2.png"")";191113_2.png;191113
"c(""193115_1.png"", ""193115_2.png"")";193115_1.png;193115
"c(""193115_1.png"", ""193115_2.png"")";193115_2.png;193115
"c(""193116_1.png"", ""193116_2.png"")";193116_1.png;193116
"c(""193116_1.png"", ""193116_2.png"")";193116_2.png;193116
"c(""193118_1.png"", ""193118_2.png"")";193118_1.png;193118
"c(""193118_1.png"", ""193118_2.png"")";193118_2.png;193118
"c(""193119_1.png"", ""193119_2.png"")";193119_1.png;193119
"c(""193119_1.png"", ""193119_2.png"")";193119_2.png;193119
"c(""193120_1.png"", ""193120_2.png"")";193120_1.png;193120
"c(""193120_1.png"", ""193120_2.png"")";193120_2.png;193120
"c(""193121_1.png"", ""193121_2.png"")";193121_1.png;193121
"c(""193121_1.png"", ""193121_2.png"")";193121_2.png;193121
193125_1.png;193125_1.png;193125
193126_1.png;193126_1.png;193126
193128_1.png;193128_1.png;193128
193130_1.png;193130_1.png;193130
193132_1.png;193132_1.png;193132
"c(""194806_1.png"", ""194806_2.png"", ""194806_3.png"")";194806_1.png;194806
"c(""194806_1.png"", ""194806_2.png"", ""194806_3.png"")";194806_2.png;194806
"c(""194806_1.png"", ""194806_2.png"", ""194806_3.png"")";194806_3.png;194806
"c(""194814_1.png"", ""194814_2.png"")";194814_1.png;194814
"c(""194814_1.png"", ""194814_2.png"")";194814_2.png;194814
"c(""194815_1.png"", ""194815_2.png"")";194815_1.png;194815
"c(""194815_1.png"", ""194815_2.png"")";194815_2.png;194815
"c(""194821_1.png"", ""194821_2.png"")";194821_1.png;194821
"c(""194821_1.png"", ""194821_2.png"")";194821_2.png;194821
"c(""194825_1.png"", ""194825_2.png"")";194825_1.png;194825
"c(""194825_1.png"", ""194825_2.png"")";194825_2.png;194825
"c(""194826_1.png"", ""194826_2.png"")";194826_1.png;194826
"c(""194826_1.png"", ""194826_2.png"")";194826_2.png;194826
"c(""194827_1.png"", ""194827_2.png"")";194827_1.png;194827
"c(""194827_1.png"", ""194827_2.png"")";194827_2.png;194827
"c(""194828_1.png"", ""194828_2.png"")";194828_1.png;194828
"c(""194828_1.png"", ""194828_2.png"")";194828_2.png;194828
"c(""194829_1.png"", ""194829_2.png"")";194829_1.png;194829
"c(""194829_1.png"", ""194829_2.png"")";194829_2.png;194829
"c(""194830_1.png"", ""194830_2.png"")";194830_1.png;194830
"c(""194830_1.png"", ""194830_2.png"")";194830_2.png;194830
"c(""194831_1.png"", ""194831_2.png"")";194831_1.png;194831
"c(""194831_1.png"", ""194831_2.png"")";194831_2.png;194831
"c(""194832_1.png"", ""194832_2.png"")";194832_1.png;194832
"c(""194832_1.png"", ""194832_2.png"")";194832_2.png;194832
"c(""194833_1.png"", ""194833_2.png"")";194833_1.png;194833
"c(""194833_1.png"", ""194833_2.png"")";194833_2.png;194833
"c(""194834_1.png"", ""194834_2.png"")";194834_1.png;194834
"c(""194834_1.png"", ""194834_2.png"")";194834_2.png;194834
"c(""195023_1.png"", ""195023_2.png"")";195023_1.png;195023
"c(""195023_1.png"", ""195023_2.png"")";195023_2.png;195023
"c(""196257_1.png"", ""196257_2.png"", ""196257_3.png"")";196257_1.png;196257
"c(""196257_1.png"", ""196257_2.png"", ""196257_3.png"")";196257_2.png;196257
"c(""196257_1.png"", ""196257_2.png"", ""196257_3.png"")";196257_3.png;196257
"c(""196259_1.png"", ""196259_2.png"")";196259_1.png;196259
"c(""196259_1.png"", ""196259_2.png"")";196259_2.png;196259
"c(""196262_1.png"", ""196262_2.png"")";196262_1.png;196262
"c(""196262_1.png"", ""196262_2.png"")";196262_2.png;196262
"c(""196264_1.png"", ""196264_2.png"")";196264_1.png;196264
"c(""196264_1.png"", ""196264_2.png"")";196264_2.png;196264
"c(""196268_1.png"", ""196268_2.png"")";196268_1.png;196268
"c(""196268_1.png"", ""196268_2.png"")";196268_2.png;196268
"c(""196269_1.png"", ""196269_2.png"")";196269_1.png;196269
"c(""196269_1.png"", ""196269_2.png"")";196269_2.png;196269
"c(""196270_1.png"", ""196270_2.png"")";196270_1.png;196270
"c(""196270_1.png"", ""196270_2.png"")";196270_2.png;196270
"c(""196271_1.png"", ""196271_2.png"")";196271_1.png;196271
"c(""196271_1.png"", ""196271_2.png"")";196271_2.png;196271
"c(""196272_1.png"", ""196272_2.png"")";196272_1.png;196272
"c(""196272_1.png"", ""196272_2.png"")";196272_2.png;196272
198480_1.png;198480_1.png;198480
198481_1.png;198481_1.png;198481
198482_1.png;198482_1.png;198482
198484_1.png;198484_1.png;198484
198486_1.png;198486_1.png;198486
198488_1.png;198488_1.png;198488
198489_1.png;198489_1.png;198489
198490_1.png;198490_1.png;198490
198491_1.png;198491_1.png;198491
198492_1.png;198492_1.png;198492
198493_1.png;198493_1.png;198493
"c(""198522_1.png"", ""198522_2.png"")";198522_1.png;198522
"c(""198522_1.png"", ""198522_2.png"")";198522_2.png;198522
"c(""198524_1.png"", ""198524_2.png"")";198524_1.png;198524
"c(""198524_1.png"", ""198524_2.png"")";198524_2.png;198524
"c(""198527_1.png"", ""198527_2.png"")";198527_1.png;198527
"c(""198527_1.png"", ""198527_2.png"")";198527_2.png;198527
"c(""198529_1.png"", ""198529_2.png"")";198529_1.png;198529
"c(""198529_1.png"", ""198529_2.png"")";198529_2.png;198529
"c(""198530_1.png"", ""198530_2.png"")";198530_1.png;198530
"c(""198530_1.png"", ""198530_2.png"")";198530_2.png;198530
"c(""198536_1.png"", ""198536_2.png"")";198536_1.png;198536
"c(""198536_1.png"", ""198536_2.png"")";198536_2.png;198536
"c(""198547_1.png"", ""198547_2.png"")";198547_1.png;198547
"c(""198547_1.png"", ""198547_2.png"")";198547_2.png;198547
"c(""198550_1.png"", ""198550_2.png"")";198550_1.png;198550
"c(""198550_1.png"", ""198550_2.png"")";198550_2.png;198550
"c(""200598_1.png"", ""200598_2.png"")";200598_1.png;200598
"c(""200598_1.png"", ""200598_2.png"")";200598_2.png;200598
"c(""200599_1.png"", ""200599_2.png"")";200599_1.png;200599
"c(""200599_1.png"", ""200599_2.png"")";200599_2.png;200599
"c(""200600_1.png"", ""200600_2.png"")";200600_1.png;200600
"c(""200600_1.png"", ""200600_2.png"")";200600_2.png;200600
"c(""200601_1.png"", ""200601_2.png"")";200601_1.png;200601
"c(""200601_1.png"", ""200601_2.png"")";200601_2.png;200601
200615_1.png;200615_1.png;200615
"c(""200616_1.png"", ""200616_2.png"")";200616_1.png;200616
"c(""200616_1.png"", ""200616_2.png"")";200616_2.png;200616
"c(""200617_1.png"", ""200617_2.png"")";200617_1.png;200617
"c(""200617_1.png"", ""200617_2.png"")";200617_2.png;200617
"c(""200618_1.png"", ""200618_2.png"")";200618_1.png;200618
"c(""200618_1.png"", ""200618_2.png"")";200618_2.png;200618
"c(""200620_1.png"", ""200620_2.png"")";200620_1.png;200620
"c(""200620_1.png"", ""200620_2.png"")";200620_2.png;200620
"c(""200621_1.png"", ""200621_2.png"")";200621_1.png;200621
"c(""200621_1.png"", ""200621_2.png"")";200621_2.png;200621
"c(""200623_1.png"", ""200623_2.png"")";200623_1.png;200623
"c(""200623_1.png"", ""200623_2.png"")";200623_2.png;200623
200626_1.png;200626_1.png;200626
"c(""201824_1.png"", ""201824_2.png"")";201824_1.png;201824
"c(""201824_1.png"", ""201824_2.png"")";201824_2.png;201824
"c(""201825_1.png"", ""201825_2.png"")";201825_1.png;201825
"c(""201825_1.png"", ""201825_2.png"")";201825_2.png;201825
"c(""201837_1.png"", ""201837_2.png"")";201837_1.png;201837
"c(""201837_1.png"", ""201837_2.png"")";201837_2.png;201837
"c(""201838_1.png"", ""201838_2.png"")";201838_1.png;201838
"c(""201838_1.png"", ""201838_2.png"")";201838_2.png;201838
202298_1.png;202298_1.png;202298
202301_1.png;202301_1.png;202301
202303_1.png;202303_1.png;202303
202305_1.png;202305_1.png;202305
202306_1.png;202306_1.png;202306
202307_1.png;202307_1.png;202307
"c(""204356_1.png"", ""204356_2.png"")";204356_1.png;204356
"c(""204356_1.png"", ""204356_2.png"")";204356_2.png;204356
"c(""204398_1.png"", ""204398_2.png"")";204398_1.png;204398
"c(""204398_1.png"", ""204398_2.png"")";204398_2.png;204398
"c(""204399_1.png"", ""204399_2.png"")";204399_1.png;204399
"c(""204399_1.png"", ""204399_2.png"")";204399_2.png;204399
"c(""206164_1.png"", ""206164_2.png"")";206164_1.png;206164
"c(""206164_1.png"", ""206164_2.png"")";206164_2.png;206164
206281_1.png;206281_1.png;206281
"c(""206282_1.png"", ""206282_2.png"")";206282_1.png;206282
"c(""206282_1.png"", ""206282_2.png"")";206282_2.png;206282
206283_1.png;206283_1.png;206283
207717_1.png;207717_1.png;207717
"c(""217956_1.png"", ""217956_2.png"")";217956_1.png;217956
"c(""217956_1.png"", ""217956_2.png"")";217956_2.png;217956
217970_1.png;217970_1.png;217970
217971_1.png;217971_1.png;217971
"c(""218273_1.png"", ""218273_2.png"")";218273_1.png;218273
"c(""218273_1.png"", ""218273_2.png"")";218273_2.png;218273
"c(""218274_1.png"", ""218274_2.png"")";218274_1.png;218274
"c(""218274_1.png"", ""218274_2.png"")";218274_2.png;218274
